l_id,n_id_start,n_id_end,voltage,cables,type,frequency,name,operator,length_m,r_ohm_km,x_ohm_km,c_nf_km,i_th_max_km,not_accurate
1,35656716,33108052,115000,6,line,60,-Moraga - San Leandro 115kV transmission line,,17616.0,,,,,Yes
2,35656716,540298861,115000,,line,,115 kV transmission line,PG&E,10609.0,,,,,
3,109355539,23805620,115000,6,line,60,,Pacific Gas & Electric Co.,32833.0,,,,,Yes
4,93288988,181914725,115000,6,line,60,,,54159.0,,,,,
5,32217118,405561526,115000,6,line,,,PG&E,40116.0,,,,,Yes
6,32217118,36966082,115000,3,line,,,PG&E,55547.0,,,,,
7,33111585,33111643,115000,6,line,,-Eastshore to Grant 115 kV transmission line,PG&E,6749.0,,,,,
8,33111585,540298861,115000,,line,,115 kV transmission line,PG&E,11941.0,,,,,
9,86463530,86463615,115000,6,line,,,PG&E,8664.0,,,,,Yes
10,86463530,86573554,115000,6,line,,,PG&E,29205.0,,,,,Yes
11,86463530,150562248,115000,6,line,,,PG&E,66109.0,,,,,Yes
12,407058988,32050965,115000,6,line,,,PG&E,58212.0,,,,,Yes
13,61659182,182604563,115000,6,line,60,,,31500.0,,,,,Yes
14,148273199,518058316,230000,6,line,,,SMUD,9159.0,0.08,0.32,11.5,1.3,Yes
15,148273199,28566617,230000,6,line,,,SMUD,10490.0,0.08,0.32,11.5,1.3,Yes
16,148273199,143937875,230000,6,line,,,SMUD,15187.0,0.08,0.32,11.5,1.3,Yes
17,93128755,622698793,115000,3,line,60,,,4288.0,,,,,
18,35732660,92107752,115000,6,line,,,,25465.0,,,,,
19,35732660,35763387,115000,6,line,,-Pittsburg - Clayton 115kV transmission line,,13375.0,,,,,Yes
20,35732660,35798740,115000,6,line,,,,16586.0,,,,,
21,33108052,112306422,115000,6,line,60,,,8133.0,,,,,Yes
22,119408726,119409662,115000,,line,,,Pacific Gas & Electric Co.,6970.0,,,,,
23,28566617,32526610,230000,6,line,,,SMUD,11301.0,0.08,0.32,11.5,1.3,Yes
24,28566617,143937875,115000,6,line,,,SMUD,5728.0,,,,,Yes
25,33111643,606222639,115000,3,line,,,Amazon,782.0,,,,,
26,33111643,59470569,115000,6,line,,Dumbarton 115 kV tap-Eastshore - Dumbarton 115 kV transmission line,PG&E,10786.0,,,,,
27,35763387,35763516,115000,6,line,,,Pacific Gas & Electric,8850.0,,,,,
28,86463615,91333377,115000,3,line,,,PG&E,17734.0,,,,,
29,86463615,36730100,115000,6,line,,,PG&E,46441.0,,,,,Yes
30,86463615,150562248,115000,6,line,,,PG&E,70047.0,,,,,Yes
31,86463615,86792689,115000,6,line,,,PG&E,44163.0,,,,,Yes
32,35660929,33106247,115000,3,line,,,,4456.0,,,,,
33,4630372,25793704,115000,,line,,-Ravenswood - Ames 115kV transmission line,,11335.0,,,,,
34,117401235,23805620,115000,6,line,60,-Metcalf - El Patio 115 kV transmission line,PG&E,23142.0,,,,,Yes
35,400341157,400340186,115000,3,line,,,,2368.0,,,,,
36,25793704,24294714,115000,,line,,Ravenswood - San Mateo 115kV transmission line,,19271.0,,,,,
37,25793704,48203963,115000,,line,,115kV transmission line,,2604.0,,,,,
38,98111153,32050965,230000,6,line,,,PG&E,33156.0,0.08,0.32,11.5,1.3,Yes
39,98111153,103099270,115000,6,line,,,PG&E,8077.0,,,,,Yes
40,98111153,125280729,115000,6,line,,,,18194.0,,,,,Yes
41,32794290,32050965,115000,6,line,,,,9273.0,,,,,Yes
42,23805620,119409662,115000,6,line,60,-Piercy - Metcalf 115 kV transmission line,,7586.0,,,,,Yes
43,23805620,38653255,115000,6,line,60,,,17112.0,,,,,Yes
44,120342208,28875096,115000,,line,,115kV,,7532.0,,,,,
45,181630666,181457842,115000,6,line,,,PG&E,91006.0,,,,,Yes
46,43951315,33106247,115000,3,line,,,Pacific Gas & Electric,8571.0,,,,,
47,35798740,613151166,115000,6,line,,,,2909.0,,,,,Yes
48,42637019,24397698,115000,6,line,,,PG&E,25406.0,,,,,Yes
49,32526610,93950956,230000,6,line,,,SMUD,7481.0,0.04,0.16,23.0,2.6,Yes
50,32050965,407070542,115000,6,line,,,,31535.0,,,,,Yes
51,30410527,188161327,115000,6,line,,-Antlantic - Pleasant Grove,PG&E-Pacific Gas and Electric,8525.0,,,,,Yes
52,61558067,24397698,115000,,line,,,PG&E,25098.0,,,,,
53,24294714,27058652,115000,6,line,,Ravenswood - San Mateo 115kV transmission line,,4270.0,,,,,
54,112445764,33106247,115000,6,line,60,,,13359.0,,,,,Yes
55,518058316,37691256,115000,6,line,,,,9388.0,,,,,Yes
56,35479377,33106247,115000,6,line,60,-115kV transmission line,,12663.0,,,,,Yes
57,169507757,169507758,115000,3,line,,,,48.0,,,,,
58,169507757,169507766,115000,6,line,,,,9492.0,,,,,Yes
59,35799514,613151166,115000,3,line,,,,93.0,,,,,
60,92107752,35602439,115000,6,line,,Oleum - Martinez 115kV transmission line,,3785.0,,,,,
61,501515904,30995423,138000,,line,,,San Diego Gas & Electric,4935.0,,,,,
62,80213764,49048130,138000,6,line,60,-138kV,LADWP,17938.0,,,,,
63,80213764,80213757,138000,6,line,60,,Los Angeles Department of Water and Power,5342.0,,,,,Yes
64,80213764,74839059,138000,6,line,60,138kV,,9296.0,,,,,
65,394710539,393475144,138000,,cable,60,,Los Angeles Department of Water and Power,6693.0,,,,,
66,119718924,119718927,138000,3,line,,,San Diego Gas & Electric,87.0,,,,,
67,119718927,167005121,138000,3,line,,,San Diego Gas & Electric,71.0,,,,,
68,119718927,167005125,138000,,line,,,San Diego Gas & Electric,15544.0,,,,,
69,159759778,393475144,138000,,line,60,,Los Angeles Department of Water and Power,6270.0,,,,,
70,159759778,394549585,138000,6,cable,60,138kV (Cable),Los Angeles Department of Water and Power,8376.0,,,,,
71,49048130,394549585,138000,6,line,60,138kV,Los Angeles Department of Water and Power,5227.0,,,,,
72,33808384,91834998,220000,,line,,,,2290.0,,,,,
73,141726016,81232560,220000,6,line,60,,,71281.0,0.08,0.32,11.5,1.3,Yes
74,141726016,339724966,220000,6,line,60,,,23149.0,0.08,0.32,11.5,1.3,Yes
75,141726016,86369466,220000,6,line,60,,,76961.0,0.08,0.32,11.5,1.3,Yes
76,169674290,169514309,220000,3,line,60,,,79858.0,,,,,
77,169674290,169674285,220000,3,line,60,,,9284.0,,,,,
78,169674290,169674294,220000,3,line,60,,,10728.0,,,,,
79,169674290,169674288,220000,3,line,60,,,11754.0,,,,,
80,169674290,169674289,220000,3,line,60,,,11998.0,,,,,
81,169674290,169326813,220000,3,line,60,,,16272.0,,,,,
82,169674290,169402989,220000,3,line,60,,,79853.0,,,,,
83,40309253,133585863,220000,6,line,60,,,79550.0,,,,,Yes
84,40309253,41265171,220000,6,line,60,,Southern California Edison,14623.0,,,,,Yes
85,40309253,91834998,220000,6,line,60,,,64327.0,,,,,Yes
86,40309253,27340751,220000,6,line,60,,,41284.0,,,,,Yes
87,32663174,184909077,220000,11,line,0,-3 x 220 kV + Electrode Line of HVDC Pacific DC Intertie,,14440.0,,,,,Yes
88,169403015,169402989,220000,3,line,60,,,53295.0,,,,,
89,169403015,168937751,220000,6,line,60,,,49439.0,,,,,Yes
90,169403015,168525615,220000,6,line,60,,,57063.0,,,,,Yes
91,49715848,394895304,220000,6,line,60,,Southern California Edison Company,2957.0,,,,,Yes
92,49715848,394895298,220000,6,line,60,,Southern California Edison Company,3412.0,,,,,Yes
93,77452171,77452160,220000,3,line,,,,76.0,0.08,0.32,11.5,1.3,
94,78797580,66157642,220000,6,line,60,,Southern California Edison Company,11272.0,,,,,
95,78797580,66209607,220000,6,line,60,,Southern California Edison Company,8023.0,0.04,0.16,23.0,2.6,
96,61960845,64161681,220000,6,line,60,,Southern California Edison,5053.0,,,,,Yes
97,61960845,65596865,220000,6,line,60,,Southern California Edison-Southern California Edison Company,14702.0,,,,,
98,64161681,59238979,220000,6,line,,,Southern California Edison,27589.0,0.04,0.16,23.0,2.6,Yes
99,61430467,33604038,220000,6,line,60,,,69616.0,,,,,Yes
100,61430467,33604800,220000,6,line,60,,,72497.0,0.04,0.16,23.0,2.6,Yes
101,389174036,66157642,220000,6,line,60,,Southern California Edison,13389.0,0.04,0.16,23.0,2.6,Yes
102,74839063,44154336,220000,6,line,60,,Southern California Edison Company,7165.0,0.04,0.16,23.0,2.6,
103,74839063,66157642,220000,6,line,60,220kV,Southern California Edison Company,15527.0,,,,,
104,74839063,65411731,220000,6,line,60,-220kV,Southern California Edison-Southern California Edison Company,22574.0,0.08,0.32,11.5,1.3,
105,74839063,75206072,220000,6,line,60,,Southern California Edison Company,6511.0,0.02,0.08,46.0,5.2,Yes
106,182050458,168525650,220000,3,line,60,,,1685.0,,,,,
107,168525615,88776835,220000,3,line,60,Antelope-Magunden #2,,13640.0,,,,,
108,168525615,168525650,220000,3,line,60,,,48124.0,,,,,
109,168525615,169514309,220000,3,line,60,,,80896.0,,,,,
110,32223005,66157642,220000,6,line,60,,Southern California Edison Company,9909.0,,,,,
111,32223005,27186594,220000,6,line,60,,Southern California Edison,8926.0,,,,,Yes
112,32223005,66158393,220000,6,line,60,,Southern California Edison Company,9558.0,,,,,
113,32223005,65596865,220000,6,line,60,,Southern California Edison Company,15634.0,,,,,Yes
114,32223005,62333225,220000,6,line,60,,Southern California Edison-Southern California Edison Company,36087.0,0.08,0.32,11.5,1.3,Yes
115,29175070,61961948,220000,6,line,,,Southern California Edison,13380.0,0.04,0.16,23.0,2.6,
116,384671109,126153864,220000,,line,,,Anaheim Public Utilities,1852.0,,,,,
117,169674289,169674295,220000,3,line,60,,,102.0,,,,,
118,169674289,169674288,220000,3,line,60,,,2704.0,,,,,
119,169674289,169326813,220000,3,line,60,,,7151.0,,,,,
120,383664682,75206072,220000,6,line,60,,Southern California Edison Company,1263.0,0.02,0.08,46.0,5.2,Yes
121,383664682,394895298,220000,3,cable,60,,Southern California Edison Company,709.0,,,,,
122,27186604,27186594,220000,3,line,60,,,163.0,,,,,
123,169674285,169514309,220000,3,line,60,,,79885.0,,,,,
124,169674286,169326813,220000,3,line,60,,,7512.0,,,,,
125,79440943,66209607,220000,6,line,60,,Southern California Edison-Southern California Edison Company,28827.0,0.04,0.16,23.0,2.6,Yes
126,79440943,66158393,220000,6,line,60,,Southern California Edison,34291.0,0.04,0.16,23.0,2.6,Yes
127,79440943,77339440,220000,6,line,60,,Southern California Edison,39737.0,0.04,0.16,23.0,2.6,Yes
128,79440943,384800363,220000,6,line,60,,Southern California Edison,10361.0,0.08,0.32,11.5,1.3,Yes
129,77339440,33605206,500000,6,line,,,Southern California Edison,10466.0,,,,,Yes
130,65596865,62333225,220000,6,line,60,,Southern California Edison,20523.0,0.08,0.32,11.5,1.3,Yes
131,27340751,419134986,220000,6,line,60,Moorpark-Ormond Beach,,35261.0,0.04,0.16,23.0,2.6,
132,27340751,91834998,220000,6,line,60,,,41733.0,0.04,0.16,23.0,2.6,Yes
133,65481169,65411731,220000,6,line,,,,2262.0,,,,,
134,168525650,91834998,220000,3,line,,,,62025.0,,,,,
135,168525650,64130145,220000,6,line,60,,,19914.0,,,,,Yes
136,168525650,168525614,220000,6,line,60,,,2289.0,,,,,Yes
137,168937751,168937739,220000,3,line,60,,,2018.0,,,,,
138,168937751,168937738,220000,3,line,60,,,70.0,,,,,
139,61961948,62333225,220000,6,line,60,,Southern California Edison,10203.0,0.04,0.16,23.0,2.6,Yes
140,164758880,164758876,220000,3,line,60,,,46227.0,,,,,
141,164758882,164758876,220000,3,line,60,,,34996.0,,,,,
142,75206115,44154336,220000,3,line,60,,,29.0,,,,,
143,37692647,419134986,220000,3,line,60,,,83.0,,,,,
144,384800363,384972421,220000,3,line,60,,,977.0,,,,,
145,182627500,79176953,230000,6,line,60,,,66619.0,,,,,Yes
146,166649175,90915109,230000,3,line,60,,,60216.0,,,,,
147,166649175,166649166,230000,3,line,60,,,97930.0,,,,,
148,119718924,167005130,230000,3,line,,,,124.0,,,,,
149,93128718,93128755,230000,3,line,,,,54048.0,0.16,0.64,5.75,0.65,
150,119718927,167005130,230000,3,line,,,San Diego Gas & Electric,257.0,,,,,
151,28875096,33108052,230000,6,line,60,,PG&E,56532.0,0.08,0.32,11.5,1.3,Yes
152,28875096,103260059,230000,6,line,60,,PG&E,35882.0,0.08,0.32,11.5,1.3,Yes
153,28875096,25793704,230000,,line,,Newark - Ravenswood 230kV transmission line,,14294.0,,,,,
154,28875096,23805620,230000,6,line,60,,PG&E-Pacific Gas & Electric Co.-Pacific Gas & Electric,54414.0,0.04,0.16,23.0,2.6,Yes
155,166649166,166649172,230000,6,line,60,,,798.0,,,,,Yes
156,166649166,77275282,230000,6,line,60,,,83144.0,,,,,Yes
157,166649166,77275227,230000,3,line,60,,,19983.0,,,,,
158,166649166,166658928,230000,3,line,60,,,68691.0,,,,,
159,93288988,181864309,230000,3,line,60,,,159.0,,,,,
160,93288988,182604563,230000,6,line,60,,,89252.0,,,,,Yes
161,93288988,93251033,230000,6,line,60,,,129635.0,,,,,Yes
162,93288988,164289720,230000,6,line,60,,,94160.0,,,,,Yes
163,93288988,182619786,230000,6,line,60,,,94692.0,,,,,Yes
164,93288988,23988495,230000,6,line,60,,,59697.0,0.08,0.32,11.5,1.3,Yes
165,93288988,182108228,230000,6,line,60,,,130954.0,0.08,0.32,11.5,1.3,Yes
166,29426718,33046461,230000,6,line,60,,,24947.0,0.04,0.16,23.0,2.6,Yes
167,29426718,33106247,230000,9,line,60,,,77088.0,0.0266666666667,0.106666666667,34.5,3.9,Yes
168,29426718,183206719,230000,12,line,60,,,20302.0,,,,,Yes
169,29426718,170490300,230000,12,line,60,,,42108.0,,,,,Yes
170,29426718,33292212,230000,6,line,60,,,29027.0,0.08,0.32,11.5,1.3,Yes
171,29426718,24376544,230000,6,line,60,,,65781.0,0.08,0.32,11.5,1.3,Yes
172,99650319,116440984,230000,6,line,,Talega-Escondido,San Diego Gas & Electric,82150.0,,,,,
173,33111643,398233739,230000,6,line,,,,1993.0,0.04,0.16,23.0,2.6,Yes
174,33111643,33108052,230000,6,line,60,,PG&E-Pacific Gas & Electric,78044.0,0.08,0.32,11.5,1.3,Yes
175,33111643,613151166,230000,6,line,60,,PG&E-Pacific Gas & Electric,61193.0,0.08,0.32,11.5,1.3,Yes
176,33111643,478160148,230000,6,line,60,,PG&E-Pacific Gas & Electric,57317.0,0.08,0.32,11.5,1.3,Yes
177,33111643,24294714,230000,6,line,,,,19993.0,0.08,0.32,11.5,1.3,Yes
178,497454218,77275243,230000,3,line,60,,,3755.0,0.16,0.64,5.75,0.65,
179,27925546,31369697,230000,6,line,60,,PG&E,8811.0,0.04,0.16,23.0,2.6,
180,177592878,93128755,230000,3,line,60,,,75677.0,0.16,0.64,5.75,0.65,
181,93128755,93128776,230000,6,line,60,,,14156.0,0.08,0.32,11.5,1.3,Yes
182,93128755,181693250,230000,6,line,60,,,77791.0,0.08,0.32,11.5,1.3,Yes
183,93128755,181709666,230000,6,line,60,,,115209.0,0.08,0.32,11.5,1.3,Yes
184,93128755,181693225,230000,6,line,60,,,95373.0,0.08,0.32,11.5,1.3,Yes
185,93128755,29989554,230000,3,line,60,,WAPA,181275.0,0.16,0.64,5.75,0.65,
186,93128755,150583901,230000,6,line,,,WAPA,16034.0,0.08,0.32,11.5,1.3,Yes
187,93128755,150420531,230000,3,line,,,WAPA,31105.0,0.16,0.64,5.75,0.65,
188,119718455,167005130,230000,3,line,,,,6220.0,,,,,
189,119718455,25453503,230000,,line,,,,18516.0,,,,,
190,32707508,552653455,230000,6,line,60,,Pacific Gas & Electric,47394.0,0.04,0.16,23.0,2.6,Yes
191,32707508,23837624,230000,6,line,60,,PG&E,38560.0,0.04,0.16,23.0,2.6,Yes
192,32707508,153674102,230000,6,line,60,,,41557.0,0.04,0.16,23.0,2.6,Yes
193,32707508,32707934,230000,6,line,60,,,39928.0,0.04,0.16,23.0,2.6,Yes
194,32707508,599654271,230000,6,line,60,,,26736.0,0.04,0.16,23.0,2.6,Yes
195,30755899,92832902,230000,6,line,60,,,16205.0,,,,,Yes
196,30755899,86463615,230000,6,line,60,,Pacific Gas & Electric,80758.0,0.08,0.32,11.5,1.3,Yes
197,30755899,150562248,230000,6,line,60,,Pacific Gas & Electric,23574.0,0.08,0.32,11.5,1.3,Yes
198,581954623,93420676,230000,6,line,60,,,74270.0,0.08,0.32,11.5,1.3,Yes
199,581954623,93251033,230000,6,line,60,,,37883.0,0.08,0.32,11.5,1.3,Yes
200,581954623,527745295,230000,3,line,60,,,188.0,0.16,0.64,5.75,0.65,
201,394710539,160544538,230000,6,line,60,,Los Angeles Department of Water and Power-LADWP,18300.0,0.04,0.16,23.0,2.6,Yes
202,394710539,71817088,230000,6,line,60,,Los Angeles Department of Water and Power,13533.0,,,,,Yes
203,90961477,90961067,230000,3,line,60,,,6331.0,,,,,
204,93128776,32943573,230000,6,line,60,,WAPA,135840.0,0.08,0.32,11.5,1.3,Yes
205,599653559,33297798,230000,6,line,60,,,47758.0,,,,,Yes
206,24076881,613151166,230000,6,line,60,,PG&E,42192.0,0.08,0.32,11.5,1.3,Yes
207,105825880,167005130,230000,3,line,60,,San Diego Gas & Electric,56645.0,,,,,
208,28566617,32526610,230000,6,line,,,SMUD,11223.0,0.08,0.32,11.5,1.3,Yes
209,28566617,32547223,230000,6,line,,,WAPA-SMUD,18515.0,0.08,0.32,11.5,1.3,Yes
210,28566617,24049455,230000,6,line,,-Hurley-Tracy,WAPA-SMUD,100156.0,0.08,0.32,11.5,1.3,Yes
211,28566617,97513161,230000,3,line,,,SMUD,7762.0,0.16,0.64,5.75,0.65,
212,77275227,77275282,230000,3,line,60,,,20839.0,,,,,
213,77275227,77275243,230000,3,line,60,,,393.0,0.16,0.64,5.75,0.65,
214,413445217,320842292,230000,3,line,60,,,73.0,0.16,0.64,5.75,0.65,
215,184909077,267159397,230000,,cable,,,LADWP,4893.0,,,,,
216,77275243,75776205,230000,3,line,60,,,16634.0,0.16,0.64,5.75,0.65,
217,93581423,93581443,230000,3,line,60,,,117.0,,,,,
218,93581423,166549837,230000,3,line,60,,,48996.0,,,,,
219,182788208,79248632,230000,6,line,60,,WAPA,99250.0,0.08,0.32,11.5,1.3,Yes
220,182604563,169507766,230000,6,line,60,,,63870.0,,,,,Yes
221,91834998,30567721,230000,6,line,60,,,48806.0,0.04,0.16,23.0,2.6,Yes
222,91834998,88776835,230000,6,line,60,,,42818.0,0.04,0.16,23.0,2.6,Yes
223,518058316,148224069,230000,6,line,,,SMUD,14448.0,0.04,0.16,23.0,2.6,Yes
224,518058316,32710411,230000,6,line,,,SMUD,15155.0,0.04,0.16,23.0,2.6,Yes
225,518058316,148269720,230000,6,line,,,SMUD,6211.0,0.08,0.32,11.5,1.3,Yes
226,518058316,32719176,230000,6,line,,,SMUD,12382.0,0.04,0.16,23.0,2.6,Yes
227,518058316,167884129,230000,6,line,,,SMUD,11286.0,0.04,0.16,23.0,2.6,Yes
228,86463615,32217118,230000,6,line,60,,Pacific Gas & Electric,43737.0,0.08,0.32,11.5,1.3,Yes
229,86463615,30410527,230000,6,line,60,,PG&E,28477.0,0.08,0.32,11.5,1.3,Yes
230,86463615,32050965,230000,6,line,60,,PG&E,46091.0,0.08,0.32,11.5,1.3,Yes
231,86463615,490201397,230000,6,line,60,,Pacific Gas & Electric,130678.0,0.08,0.32,11.5,1.3,Yes
232,24401024,93420676,230000,6,line,60,,,50668.0,,,,,Yes
233,24401024,24400930,230000,3,line,,,,280.0,,,,,
234,32943234,32701355,230000,6,line,60,,,764.0,,,,,Yes
235,32943234,32710411,230000,6,line,60,,SMUD,24784.0,0.04,0.16,23.0,2.6,Yes
236,32943234,32867671,230000,6,line,60,,Pacific Gas & Electric,44039.0,0.08,0.32,11.5,1.3,Yes
237,32943234,32719176,230000,6,line,60,,SMUD,46181.0,0.04,0.16,23.0,2.6,Yes
238,93420676,320842292,230000,6,line,60,,,73278.0,0.08,0.32,11.5,1.3,Yes
239,86094474,30567721,230000,6,line,60,,,52156.0,0.04,0.16,23.0,2.6,Yes
240,181548172,181548182,230000,3,line,60,,,62379.0,,,,,
241,552653455,23988495,230000,6,line,60,,Pacific Gas & Electric,9851.0,,,,,Yes
242,186041109,150420531,230000,6,line,60,,,18013.0,,,,,Yes
243,186041109,186041113,230000,6,line,60,,,21569.0,,,,,Yes
244,181548182,181548170,230000,3,line,60,,,32003.0,,,,,
245,93678748,23805620,230000,6,line,60,,,1432.0,0.04,0.16,23.0,2.6,Yes
246,93678748,30060177,230000,3,line,60,,,134.0,0.08,0.32,11.5,1.3,
247,166658928,90961067,230000,3,line,60,,,34900.0,,,,,
248,182619786,169507755,230000,6,line,60,,Pacific Gas & Electric,97471.0,,,,,Yes
249,25793704,24294714,230000,6,line,,Ravenswood - San Mateo 230kV transmission line,,19114.0,0.04,0.16,23.0,2.6,
250,90961067,91042866,230000,3,line,60,,,32741.0,,,,,
251,112568707,114958126,230000,6,line,,,PG&E,7195.0,,,,,
252,112568707,23805620,230000,6,line,60,,PG&E,14611.0,,,,,Yes
253,52173997,52174006,230000,,line,,,,7913.0,,,,,
254,52173997,52183964,230000,3,line,60,,,15242.0,,,,,
255,169880238,86454167,230000,6,line,60,,Los Angeles Department of Water and Power-LADWP,7412.0,,,,,
256,169880238,160544538,230000,9,line,60,,Los Angeles Department of Water and Power-LADWP,13606.0,0.0533333333333,0.213333333333,17.25,1.95,Yes
257,29989554,32547223,230000,6,line,,,WAPA,21321.0,0.08,0.32,11.5,1.3,Yes
258,29989554,37093076,230000,6,line,,,WAPA,8682.0,0.08,0.32,11.5,1.3,Yes
259,29989554,28517608,230000,3,line,,,WAPA,11312.0,0.16,0.64,5.75,0.65,
260,32217118,32867671,230000,6,line,60,,Pacific Gas & Electric,68403.0,0.08,0.32,11.5,1.3,Yes
261,181658825,79248632,230000,6,line,60,,San Francisco PUC-Hetch Hetchy Water & Power,45575.0,0.08,0.32,11.5,1.3,Yes
262,24397013,643024351,230000,6,line,60,,,19285.0,0.08,0.32,11.5,1.3,Yes
263,165359319,141726016,230000,3,line,60,,,22181.0,,,,,Yes
264,165359319,39560071,230000,3,line,60,,,1369.0,,,,,
265,79249627,32867671,230000,6,line,60,,,31989.0,,,,,Yes
266,24376540,24376544,230000,3,line,60,,,347.0,,,,,
267,24376541,24376544,230000,3,line,60,,,200.0,,,,,
268,24376544,181709666,230000,6,line,60,,,77992.0,0.08,0.32,11.5,1.3,Yes
269,24376544,36250573,230000,6,line,60,,,15730.0,0.08,0.32,11.5,1.3,Yes
270,24376544,33068400,230000,6,line,60,,,44529.0,0.08,0.32,11.5,1.3,Yes
271,24376544,24388861,230000,6,line,60,,,85681.0,0.08,0.32,11.5,1.3,Yes
272,28517608,518059531,230000,6,line,,,SMUD,6585.0,0.08,0.32,11.5,1.3,Yes
273,28517608,148290846,230000,6,line,,,PG&E/SMUD-SMUD,36784.0,0.08,0.32,11.5,1.3,Yes
274,28517608,148224069,230000,6,line,,,PG&E/SMUD-SMUD,82958.0,0.08,0.32,11.5,1.3,Yes
275,28517608,32050965,230000,6,line,,,PG&E/SMUD-SMUD,69755.0,0.08,0.32,11.5,1.3,Yes
276,28517608,149630801,230000,6,line,,,PG&E/SMUD-SMUD,52032.0,0.08,0.32,11.5,1.3,Yes
277,28517608,149769307,230000,6,line,,,PG&E/SMUD-SMUD,61436.0,0.08,0.32,11.5,1.3,Yes
278,28517608,149760444,230000,6,line,,,PG&E/SMUD-SMUD,70630.0,0.08,0.32,11.5,1.3,Yes
279,167005121,167005130,230000,3,line,,,,135.0,,,,,
280,35732660,478160148,230000,3,line,60,,,72.0,0.16,0.64,5.75,0.65,
281,38311176,23837624,230000,6,line,,,PG&E,38063.0,0.08,0.32,11.5,1.3,Yes
282,23988495,181864356,230000,6,line,60,,,5529.0,,,,,Yes
283,32526610,32943573,230000,6,line,,,WAPA-SMUD,49797.0,0.04,0.16,23.0,2.6,Yes
284,32526610,93950956,230000,6,line,,,WAPA-SMUD,7631.0,0.04,0.16,23.0,2.6,Yes
285,93581443,79734755,230000,3,line,,,,81079.0,0.16,0.64,5.75,0.65,
286,183206679,425352737,230000,6,line,60,,,4409.0,,,,,Yes
287,150412591,150412593,230000,3,line,60,,,4060.0,,,,,
288,114958126,31369697,230000,,line,,,PG&E,5487.0,,,,,
289,24049455,23837624,230000,6,line,60,,PG&E,9338.0,0.08,0.32,11.5,1.3,Yes
290,24049455,24283011,230000,6,line,60,,,20619.0,0.08,0.32,11.5,1.3,Yes
291,150412593,150420531,230000,3,line,,,WAPA,9921.0,0.16,0.64,5.75,0.65,
292,345602357,52183964,230000,6,line,60,,,19587.0,,,,,Yes
293,183206715,599653291,230000,3,line,60,,,877.0,,,,,
294,66376509,66376512,230000,6,line,60,,PG&E-Pacific Gas & Electric,7747.0,0.08,0.32,11.5,1.3,Yes
295,66376509,478160148,230000,6,line,60,,Pacific Gas & Electric,27881.0,0.08,0.32,11.5,1.3,Yes
296,183206719,33297798,230000,6,cable,60,,,1768.0,,,,,
297,64083268,77275131,230000,3,line,60,,,82255.0,,,,,
298,64083268,79734755,230000,3,line,,,,81427.0,0.16,0.64,5.75,0.65,
299,33106247,478160148,230000,6,line,,-Pittsburg - Sobrante 230kV transmission line,,37778.0,0.04,0.16,23.0,2.6,Yes
300,166549836,166549837,230000,3,line,60,,,237.0,,,,,
301,166549837,166549840,230000,3,line,60,,,22821.0,,,,,
302,166549838,166549840,230000,3,line,60,,,163.0,,,,,
303,166549838,166649172,230000,3,line,60,,,24206.0,,,,,
304,345602387,345602370,230000,,line,,,,19254.0,,,,,
305,32867671,181457829,230000,6,line,,,Northern California Power Agency,63599.0,0.08,0.32,11.5,1.3,Yes
306,32867671,182791482,230000,6,line,60,,PG&E,33265.0,0.08,0.32,11.5,1.3,Yes
307,24263002,478160148,230000,6,line,60,,,35477.0,0.08,0.32,11.5,1.3,Yes
308,480697705,24333232,230000,6,line,60,,,43626.0,0.08,0.32,11.5,1.3,Yes
309,480697705,320842292,230000,6,line,60,,,13166.0,0.08,0.32,11.5,1.3,Yes
310,71817088,31871976,230000,6,line,60,,Los Angeles Department of Water and Power,11169.0,0.08,0.32,11.5,1.3,
311,24397698,643024351,230000,6,line,60,,,22963.0,,,,,
312,99645329,105185729,230000,6,line,,,,44809.0,,,,,
313,99645329,167005130,230000,,line,,,,21654.0,,,,,
314,99645329,56452459,230000,6,line,,,San Diego Gas & Electric,39495.0,,,,,Yes
315,37121428,93950956,230000,6,line,,,SMUD,34806.0,0.08,0.32,11.5,1.3,Yes
316,37121428,37112796,230000,6,line,,,SMUD,30522.0,0.08,0.32,11.5,1.3,Yes
317,32547223,32943573,230000,6,line,60,,WAPA,42757.0,0.04,0.16,23.0,2.6,Yes
318,181864356,24057536,230000,3,line,60,,,417.0,,,,,
319,24333232,93251033,230000,6,line,60,,,21790.0,0.08,0.32,11.5,1.3,Yes
320,32943573,86576027,230000,3,line,60,,,6443.0,0.08,0.32,11.5,1.3,
321,35799514,613151166,230000,3,line,60,,,56.0,0.16,0.64,5.75,0.65,
322,71817088,30620967,500000,3,line,60,,,27913.0,,,,,
323,88776835,386364447,500000,3,line,60,Path 26,Southern California Edison,23225.0,,,,,
324,88776835,30567721,500000,3,line,60,-Path 26,Southern California Edison,28264.0,,,,,
325,88776835,386364446,500000,3,line,60,,,41062.0,,,,,
326,30733962,30620967,500000,3,line,60,,,10788.0,,,,,
327,30733962,86369466,500000,3,line,60,,,24964.0,,,,,
328,77452171,77339440,500000,6,line,60,,,36986.0,,,,,Yes
329,77452171,86369466,500000,3,line,60,,,48283.0,,,,,
330,93128718,30755899,500000,3,line,60,Path 66,Pacific Gas and Electric,75892.0,,,,,
331,93128718,93984381,500000,3,line,60,Path 66,Pacific Gas and Electric-PacifiCorp,74551.0,,,,,
332,23988495,93251033,500000,3,line,60,Path 15,Pacific Gas and Electric,79994.0,,,,,
333,23988495,24049455,500000,6,line,60,-Path 15,Western Area Power Administration,102756.0,,,,,Yes
334,23988495,23837624,500000,3,line,60,-Path 15,Pacific Gas and Electric,93171.0,,,,,
335,23988495,643024351,500000,3,line,60,Path 15 Connector,Pacific Gas and Electric,2818.0,,,,,
336,64161681,61601149,500000,3,line,60,,Southern California Edison,64991.0,,,,,
337,64161681,77339440,500000,6,line,60,,Southern California Edison,31534.0,,,,,Yes
338,52183964,407016872,500000,3,line,60,,,84058.0,,,,,
339,52183964,105185725,500000,3,line,60,,,84155.0,,,,,
340,52183964,90966380,500000,3,line,60,,,45755.0,,,,,
341,386364446,386364447,500000,3,line,60,,,25967.0,,,,,
342,386364447,24333232,500000,3,line,60,Path 26-Path 26 Midway-Whirlwind,Southern California Edison-Pacific Gas & Electric,115586.0,,,,,
343,386364447,30567721,500000,3,line,60,,,58721.0,,,,,
344,24333232,24400930,500000,3,line,60,Path 15,Pacific Gas and Electric,53509.0,,,,,
345,24333232,93251033,500000,3,line,60,Path 15,Pacific Gas and Electric,21770.0,,,,,
346,24333232,30567721,500000,3,line,60,Path 26,Southern California Edison,17517.0,,,,,
347,105199139,507591114,500000,3,line,60,,,24652.0,,,,,
348,105199139,61430467,500000,3,line,60,,,83133.0,,,,,
349,75355429,86369466,500000,3,line,60,,Southern California Edison,36070.0,,,,,
350,30620967,79671026,500000,3,line,60,,Los Angeles Department of Water & Power,197884.0,,,,,
351,24400937,93251033,500000,3,line,60,Path 15,Pacific Gas and Electric,46308.0,,,,,
352,24049455,92966624,500000,3,line,60,Path 66,Western Area Power Administration,77641.0,,,,,
353,23805620,23837624,500000,3,line,60,Path 15 Connector,Pacific Gas and Electric,56965.0,,,,,
354,23837624,24376540,500000,3,line,60,Path 15 Connector,Pacific Gas and Electric,13099.0,,,,,
355,87177785,61601149,500000,3,line,60,,,1554.0,,,,,
356,86369466,30567721,500000,3,line,60,,,75952.0,,,,,
357,30755899,24376540,500000,3,line,60,Path 15 Connector,Pacific Gas and Electric,56483.0,,,,,
358,61430467,61601149,500000,3,line,60,,,66884.0,,,,,
359,93128776,92966624,500000,3,line,60,Path 66,Western Area Power Administration,76365.0,,,,,
360,93128776,93984357,500000,3,line,60,Path 66,,74450.0,,,,,
361,507591114,402225518,500000,3,line,60,,,51112.0,,,,,
